"Gatunek";"Jadalny";"Kapelusz_sr";"Kapelusz_kol";"Rurki";"Trzon"
"Bledn젺y";"Jadalny";12,152759401761;"szary";"嗾ty";"bia쓰wy"
"Bledn젺y";"Jadalny";9,35319760578957;"szary";"嗾tooliwkowy";"bia쓰wy"
"Bledn젺y";"Jadalny";10,9324138752995;"szary";"嗾ty";"嗾ty"
"Bledn젺y";"Jadalny";11,6639167632139;"szary";"嗾tooliwkowy";"嗾ty"
"Bledn젺y";"Jadalny";14,7435546641536;"jasnobr졐owy";"嗾ty";"嗾ty"
"Bledn젺y";"Jadalny";14,588275604949;"jasnobr졐owy";"嗾tooliwkowy";"嗾ty"
"Bledn젺y";"Jadalny";5,73667509239527;"jasnobr졐owy";"嗾tooliwkowy";"嗾toczerwony"
"Bledn젺y";"Jadalny";13,96673206177;"br졐owy";"嗾ty";"嗾ty"
"Bledn젺y";"Jadalny";14,218626654999;"br졐owy";"嗾tooliwkowy";"嗾ty"
"Bledn젺y";"Jadalny";10,4367420886624;"br졐owy";"嗾tooliwkowy";"嗾toczerwony"
"Bledn젺y";"Jadalny";12,8538897723917;"czerwony";"嗾ty";"嗾ty"
"Bledn젺y";"Jadalny";9,14294123961159;"czerwony";"嗾tooliwkowy";"嗾ty"
"Bledn젺y";"Jadalny";14,2382768086683;"czerwony";"嗾tooliwkowy";"嗾toczerwony"
"Bledn젺y";"Jadalny";11,130266474564;"br졐owy";"嗾ty";"嗾ty"
"Bledn젺y";"Jadalny";12,1077629299324;"jasnobr졐owy";"嗾tooliwkowy";"嗾toczerwony"
"Bledn젺y";"Jadalny";11,4154767057023;"szary";"嗾tooliwkowy";"bia쓰wy"
"Bledn젺y";"Jadalny";9,98117206531063;"jasnobr졐owy";"嗾tooliwkowy";"嗾ty"
"Bledn젺y";"Jadalny";13,0673328281249;"szary";"嗾tooliwkowy";"嗾ty"
"Bledn젺y";"Jadalny";5,15564688995692;"jasnobr졐owy";"嗾tooliwkowy";"嗾ty"
"Bledn젺y";"Jadalny";12,1483421768833;"jasnobr졐owy";"嗾tooliwkowy";"嗾ty"
"Bledn젺y";"Jadalny";14,8466344338795;"szary";"嗾ty";"bia쓰wy"
"Bledn젺y";"Jadalny";7,37669738590063;"szary";"嗾ty";"嗾ty"
"Bledn젺y";"Jadalny";9,61916988502239;"szary";"嗾tooliwkowy";"嗾ty"
"Bledn젺y";"Jadalny";8,55534490749763;"szary";"嗾tooliwkowy";"嗾ty"
"Bledn젺y";"Jadalny";9,77137575610952;"szary";"嗾tooliwkowy";"bia쓰wy"
"Bledn젺y";"Jadalny";12,9169905596286;"jasnobr졐owy";"嗾tooliwkowy";"嗾ty"
"Bledn젺y";"Jadalny";8,94435976846554;"szary";"嗾ty";"嗾ty"
"Bledn젺y";"Jadalny";9,14459599231798;"br졐owy";"嗾tooliwkowy";"嗾ty"
"Bledn젺y";"Jadalny";11,7853697685298;"jasnobr졐owy";"嗾tooliwkowy";"嗾ty"
"Bledn젺y";"Jadalny";13,5950051356149;"szary";"嗾tooliwkowy";"嗾ty"
"Bledn젺y";"Jadalny";11,7530406492021;"czerwony";"嗾tooliwkowy";"嗾ty"
"Bledn젺y";"Jadalny";12,1230386729239;"szary";"嗾tooliwkowy";"bia쓰wy"
"Bledn젺y";"Jadalny";13,1837612374846;"szary";"嗾ty";"嗾ty"
"Bledn젺y";"Jadalny";11,8339929114842;"jasnobr졐owy";"嗾tooliwkowy";"嗾toczerwony"
"Bledn젺y";"Jadalny";8,09316683836927;"szary";"嗾tooliwkowy";"bia쓰wy"
"Bledn젺y";"Jadalny";5,31336854010285;"czerwony";"嗾ty";"嗾ty"
"Bledn젺y";"Jadalny";9,94027641372404;"szary";"嗾ty";"嗾ty"
"Bledn젺y";"Jadalny";10,4761830621614;"szary";"嗾ty";"bia쓰wy"
"Bledn젺y";"Jadalny";11,3973043385515;"szary";"嗾tooliwkowy";"bia쓰wy"
"Bledn젺y";"Jadalny";11,8447338992697;"jasnobr졐owy";"嗾tooliwkowy";"嗾ty"
"Bledn젺y";"Jadalny";11,4979826588902;"szary";"嗾ty";"bia쓰wy"
"Bledn젺y";"Jadalny";14,2031128441355;"jasnobr졐owy";"嗾tooliwkowy";"嗾toczerwony"
"Bledn젺y";"Jadalny";12,8402758897738;"jasnobr졐owy";"嗾tooliwkowy";"嗾ty"
"Bledn젺y";"Jadalny";12,3873690521495;"szary";"嗾tooliwkowy";"嗾ty"
"Bledn젺y";"Jadalny";9,84675028567284;"br졐owy";"嗾tooliwkowy";"嗾ty"
"Bledn젺y";"Jadalny";11,8795002339205;"jasnobr졐owy";"嗾tooliwkowy";"嗾ty"
"Bledn젺y";"Jadalny";9,99997071307256;"szary";"嗾tooliwkowy";"bia쓰wy"
"Bledn젺y";"Jadalny";10,0699063267724;"szary";"嗾ty";"bia쓰wy"
"Bledn젺y";"Jadalny";9,18858306823965;"szary";"嗾tooliwkowy";"bia쓰wy"
"Bledn젺y";"Jadalny";10,379770962512;"czerwony";"嗾ty";"嗾ty"
"Bledn젺y";"Jadalny";12,0219869034152;"jasnobr졐owy";"嗾ty";"嗾ty"
"Bledn젺y";"Jadalny";14,8596390129096;"szary";"嗾tooliwkowy";"嗾ty"
"Bledn젺y";"Jadalny";9,53081086592927;"czerwony";"嗾tooliwkowy";"嗾toczerwony"
"Bledn젺y";"Jadalny";8,89797690966767;"jasnobr졐owy";"嗾ty";"嗾ty"
"Bledn젺y";"Jadalny";12,6447571174517;"br졐owy";"嗾ty";"嗾ty"
"Bledn젺y";"Jadalny";14,241673447869;"szary";"嗾ty";"嗾ty"
"Bledn젺y";"Jadalny";10,5534644168347;"szary";"嗾ty";"bia쓰wy"
"Bledn젺y";"Jadalny";9,17612816461372;"jasnobr졐owy";"嗾ty";"嗾ty"
"Bledn젺y";"Jadalny";11,4631530473575;"jasnobr졐owy";"嗾tooliwkowy";"嗾ty"
"Bledn젺y";"Jadalny";13,3965887646603;"szary";"嗾tooliwkowy";"嗾ty"
"Bledn젺y";"Jadalny";12,1706974196286;"jasnobr졐owy";"嗾tooliwkowy";"嗾ty"
"Bledn젺y";"Jadalny";13,0932243392918;"jasnobr졐owy";"嗾tooliwkowy";"嗾toczerwony"
"Bledn젺y";"Jadalny";11,940642146674;"szary";"嗾tooliwkowy";"嗾ty"
"Bledn젺y";"Jadalny";13,4637532864524;"jasnobr졐owy";"嗾tooliwkowy";"嗾ty"
"Bledn젺y";"Jadalny";9,65288171402169;"jasnobr졐owy";"嗾tooliwkowy";"嗾ty"
"Bledn젺y";"Jadalny";6,68844727773014;"br졐owy";"嗾tooliwkowy";"嗾toczerwony"
"Bledn젺y";"Jadalny";11,6071761071087;"jasnobr졐owy";"嗾ty";"嗾ty"
"Bledn젺y";"Jadalny";9,05792869118538;"jasnobr졐owy";"嗾tooliwkowy";"嗾ty"
"Bledn젺y";"Jadalny";10,7439035488945;"jasnobr졐owy";"嗾tooliwkowy";"嗾toczerwony"
"Bledn젺y";"Jadalny";11,529216663921;"jasnobr졐owy";"嗾tooliwkowy";"嗾ty"
"Bledn젺y";"Jadalny";12,8093025278379;"szary";"嗾ty";"嗾ty"
"Bledn젺y";"Jadalny";12,0791364865566;"jasnobr졐owy";"嗾tooliwkowy";"嗾ty"
"Bledn젺y";"Jadalny";11,3188480944075;"br졐owy";"嗾tooliwkowy";"嗾toczerwony"
"Bledn젺y";"Jadalny";11,9418089078093;"jasnobr졐owy";"嗾tooliwkowy";"嗾toczerwony"
"Bledn젺y";"Jadalny";9,10348435802762;"czerwony";"嗾ty";"嗾ty"
"Bledn젺y";"Jadalny";13,283302445274;"br졐owy";"嗾ty";"嗾ty"
"Bledn젺y";"Jadalny";9,42085766876363;"jasnobr졐owy";"嗾tooliwkowy";"嗾ty"
"Bledn젺y";"Jadalny";9,03341938298855;"br졐owy";"嗾ty";"嗾ty"
"Bledn젺y";"Jadalny";12,0652139377187;"jasnobr졐owy";"嗾tooliwkowy";"嗾ty"
"Bledn젺y";"Jadalny";14,0221852434406;"jasnobr졐owy";"嗾tooliwkowy";"嗾ty"
"Bledn젺y";"Jadalny";8,58423237252942;"br졐owy";"嗾tooliwkowy";"嗾toczerwony"
"Bledn젺y";"Jadalny";14,0486931592927;"szary";"嗾ty";"bia쓰wy"
"Bledn젺y";"Jadalny";11,8345317475872;"szary";"嗾ty";"嗾ty"
"Bledn젺y";"Jadalny";11,5034309988918;"czerwony";"嗾tooliwkowy";"嗾ty"
"Bledn젺y";"Jadalny";11,7991843723314;"jasnobr졐owy";"嗾tooliwkowy";"嗾toczerwony"
"Bledn젺y";"Jadalny";9,55191158695816;"szary";"嗾tooliwkowy";"嗾ty"
"Bledn젺y";"Jadalny";10,5819713564979;"czerwony";"嗾tooliwkowy";"嗾toczerwony"
"Bledn젺y";"Jadalny";13,7668802917236;"szary";"嗾tooliwkowy";"嗾ty"
"Bledn젺y";"Jadalny";14,2178488593049;"br졐owy";"嗾tooliwkowy";"嗾toczerwony"
"Bledn젺y";"Jadalny";11,1652242774175;"jasnobr졐owy";"嗾tooliwkowy";"嗾toczerwony"
"Bledn젺y";"Jadalny";12,2837237420159;"czerwony";"嗾tooliwkowy";"嗾ty"
"Bledn젺y";"Jadalny";12,0493051463963;"szary";"嗾ty";"bia쓰wy"
"Bledn젺y";"Jadalny";9,60872829320035;"jasnobr졐owy";"嗾tooliwkowy";"嗾ty"
"Bledn젺y";"Jadalny";9,76435683705028;"br졐owy";"嗾ty";"嗾ty"
"Bledn젺y";"Jadalny";7,93128673372021;"br졐owy";"嗾ty";"嗾ty"
"Bledn젺y";"Jadalny";13,4198271562062;"szary";"嗾tooliwkowy";"嗾ty"
"Bledn젺y";"Jadalny";8,61560877002524;"szary";"嗾ty";"嗾ty"
"Bledn젺y";"Jadalny";7,48613271856309;"czerwony";"嗾tooliwkowy";"嗾toczerwony"
"Bledn젺y";"Jadalny";8,03942773911268;"br졐owy";"嗾tooliwkowy";"嗾toczerwony"
"Bledn젺y";"Jadalny";14,0556490462252;"jasnobr졐owy";"嗾tooliwkowy";"嗾ty"
"Goryczak";"Niejadalny";8,49533831830915;"szary";"嗾ty";"嗾ty"
"Goryczak";"Niejadalny";8,58232891934317;"szary";"嗾tooliwkowy";"jasnobr졐owy"
"Goryczak";"Niejadalny";15,8879761430913;"szary";"嗾ty";"嗾toczerwony"
"Goryczak";"Niejadalny";18,7942315410137;"szary";"嗾tooliwkowy";"嗾ty"
"Goryczak";"Niejadalny";10,1550196568842;"szary";"嗾tooliwkowy";"嗾toczerwony"
"Goryczak";"Niejadalny";16,4342269118528;"szary";"oliwkowy";"嗾toczerwony"
"Goryczak";"Niejadalny";8,27064407495874;"jasnobr졐owy";"嗾ty";"嗾ty"
"Goryczak";"Niejadalny";5,36780512467838;"jasnobr졐owy";"嗾tooliwkowy";"jasnobr졐owy"
"Goryczak";"Niejadalny";14,1137408617498;"jasnobr졐owy";"嗾ty";"嗾toczerwony"
"Goryczak";"Niejadalny";10,824601633838;"jasnobr졐owy";"嗾tooliwkowy";"嗾ty"
"Goryczak";"Niejadalny";14,9476817443526;"jasnobr졐owy";"嗾tooliwkowy";"嗾toczerwony"
"Goryczak";"Niejadalny";15,4808635177274;"jasnobr졐owy";"oliwkowy";"嗾toczerwony"
"Goryczak";"Niejadalny";11,9513898402187;"br졐owy";"嗾tooliwkowy";"嗾toczerwony"
"Goryczak";"Niejadalny";13,5530619060533;"br졐owy";"oliwkowy";"嗾toczerwony"
"Goryczak";"Niejadalny";17,9294732196818;"szary";"嗾tooliwkowy";"嗾toczerwony"
"Goryczak";"Niejadalny";5,52899891420577;"szary";"嗾tooliwkowy";"jasnobr졐owy"
"Goryczak";"Niejadalny";4,52713090679692;"br졐owy";"oliwkowy";"嗾toczerwony"
"Goryczak";"Niejadalny";11,7534424651664;"jasnobr졐owy";"嗾ty";"嗾toczerwony"
"Goryczak";"Niejadalny";5,68231994194729;"jasnobr졐owy";"嗾tooliwkowy";"嗾toczerwony"
"Goryczak";"Niejadalny";8,12400234557025;"jasnobr졐owy";"嗾tooliwkowy";"嗾toczerwony"
"Goryczak";"Niejadalny";6,29189590400168;"jasnobr졐owy";"oliwkowy";"嗾toczerwony"
"Goryczak";"Niejadalny";17,6298016621866;"szary";"嗾tooliwkowy";"嗾ty"
"Goryczak";"Niejadalny";9,80480709923278;"szary";"嗾tooliwkowy";"嗾toczerwony"
"Goryczak";"Niejadalny";5,15018356916757;"br졐owy";"oliwkowy";"嗾toczerwony"
"Goryczak";"Niejadalny";6,84068435613796;"szary";"嗾ty";"嗾toczerwony"
"Goryczak";"Niejadalny";16,1968565310051;"jasnobr졐owy";"嗾tooliwkowy";"嗾toczerwony"
"Goryczak";"Niejadalny";5,75276573044204;"br졐owy";"嗾tooliwkowy";"嗾toczerwony"
"Goryczak";"Niejadalny";15,2747576857982;"szary";"oliwkowy";"嗾toczerwony"
"Goryczak";"Niejadalny";17,2486052573735;"szary";"嗾tooliwkowy";"嗾ty"
"Goryczak";"Niejadalny";16,7352558046955;"br졐owy";"oliwkowy";"嗾toczerwony"
"Goryczak";"Niejadalny";17,2310601688023;"szary";"嗾tooliwkowy";"嗾toczerwony"
"Goryczak";"Niejadalny";14,1343469476885;"jasnobr졐owy";"嗾ty";"嗾toczerwony"
"Goryczak";"Niejadalny";6,64070294122633;"jasnobr졐owy";"嗾tooliwkowy";"嗾toczerwony"
"Goryczak";"Niejadalny";3,28803733656033;"szary";"嗾ty";"嗾toczerwony"
"Goryczak";"Niejadalny";18,341935953345;"jasnobr졐owy";"嗾tooliwkowy";"嗾toczerwony"
"Goryczak";"Niejadalny";9,96960538825834;"szary";"嗾tooliwkowy";"jasnobr졐owy"
"Goryczak";"Niejadalny";7,21890379277935;"szary";"oliwkowy";"嗾toczerwony"
"Goryczak";"Niejadalny";10,5304312117266;"szary";"嗾tooliwkowy";"嗾toczerwony"
"Goryczak";"Niejadalny";10,3443884872392;"szary";"嗾ty";"嗾toczerwony"
"Goryczak";"Niejadalny";18,3672996188978;"jasnobr졐owy";"oliwkowy";"嗾toczerwony"
"Goryczak";"Niejadalny";10,3320414716566;"jasnobr졐owy";"嗾tooliwkowy";"嗾toczerwony"
"Goryczak";"Niejadalny";19,485342366528;"szary";"嗾ty";"嗾toczerwony"
"Goryczak";"Niejadalny";13,5965665013065;"szary";"oliwkowy";"嗾toczerwony"
"Goryczak";"Niejadalny";7,54240072770725;"szary";"嗾tooliwkowy";"嗾toczerwony"
"Goryczak";"Niejadalny";8,9680289738701;"szary";"嗾tooliwkowy";"嗾toczerwony"
"Goryczak";"Niejadalny";17,8190154714864;"jasnobr졐owy";"oliwkowy";"嗾toczerwony"
"Goryczak";"Niejadalny";9,11023822495026;"szary";"嗾ty";"嗾toczerwony"
"Goryczak";"Niejadalny";14,4677119180729;"jasnobr졐owy";"oliwkowy";"嗾toczerwony"
"Goryczak";"Niejadalny";8,03034213735994;"jasnobr졐owy";"oliwkowy";"嗾toczerwony"
"Goryczak";"Niejadalny";8,25088068700018;"jasnobr졐owy";"嗾tooliwkowy";"jasnobr졐owy"
"Goryczak";"Niejadalny";3,03768890489552;"szary";"嗾ty";"嗾ty"
"Goryczak";"Niejadalny";17,2422574797241;"szary";"嗾tooliwkowy";"嗾toczerwony"
"Goryczak";"Niejadalny";16,9164274687332;"jasnobr졐owy";"嗾ty";"嗾toczerwony"
"Goryczak";"Niejadalny";15,3133391604063;"szary";"oliwkowy";"嗾toczerwony"
"Goryczak";"Niejadalny";15,3202013313152;"szary";"oliwkowy";"嗾toczerwony"
"Goryczak";"Niejadalny";17,7734774750897;"szary";"嗾tooliwkowy";"嗾toczerwony"
"Goryczak";"Niejadalny";10,3655790844565;"jasnobr졐owy";"oliwkowy";"嗾toczerwony"
"Goryczak";"Niejadalny";15,9145375771693;"jasnobr졐owy";"嗾tooliwkowy";"嗾toczerwony"
"Goryczak";"Niejadalny";19,3771568227532;"szary";"oliwkowy";"嗾toczerwony"
"Goryczak";"Niejadalny";12,1879916138527;"szary";"oliwkowy";"嗾toczerwony"
"Goryczak";"Niejadalny";4,70964069087793;"szary";"嗾tooliwkowy";"嗾ty"
"Goryczak";"Niejadalny";5,89737577243393;"br졐owy";"嗾tooliwkowy";"嗾toczerwony"
"Goryczak";"Niejadalny";16,8996374534662;"jasnobr졐owy";"嗾tooliwkowy";"嗾ty"
"Goryczak";"Niejadalny";10,4750974247141;"szary";"oliwkowy";"嗾toczerwony"
"Goryczak";"Niejadalny";18,2153822512473;"szary";"oliwkowy";"嗾toczerwony"
"Goryczak";"Niejadalny";18,0445751103023;"jasnobr졐owy";"嗾ty";"嗾toczerwony"
"Goryczak";"Niejadalny";16,9178112227526;"szary";"oliwkowy";"嗾toczerwony"
"Goryczak";"Niejadalny";17,9683521328096;"jasnobr졐owy";"嗾tooliwkowy";"嗾toczerwony"
"Goryczak";"Niejadalny";17,3375792308473;"szary";"嗾tooliwkowy";"嗾toczerwony"
"Goryczak";"Niejadalny";19,5288459768292;"jasnobr졐owy";"嗾tooliwkowy";"嗾toczerwony"
"Goryczak";"Niejadalny";18,7689166839665;"jasnobr졐owy";"嗾tooliwkowy";"嗾toczerwony"
"Goryczak";"Niejadalny";13,2937560024634;"szary";"嗾tooliwkowy";"嗾toczerwony"
"Goryczak";"Niejadalny";8,18989500923582;"szary";"嗾ty";"嗾ty"
"Goryczak";"Niejadalny";10,1110029780109;"jasnobr졐owy";"嗾tooliwkowy";"嗾toczerwony"
"Goryczak";"Niejadalny";9,41557956801984;"szary";"嗾tooliwkowy";"嗾toczerwony"
"Goryczak";"Niejadalny";11,7080382474615;"jasnobr졐owy";"嗾ty";"嗾toczerwony"
"Goryczak";"Niejadalny";14,5427945605789;"szary";"嗾tooliwkowy";"嗾ty"
"Goryczak";"Niejadalny";12,6029819941479;"jasnobr졐owy";"oliwkowy";"嗾toczerwony"
"Goryczak";"Niejadalny";13,0267416003365;"jasnobr졐owy";"嗾tooliwkowy";"嗾ty"
"Goryczak";"Niejadalny";14,2100375193585;"szary";"嗾ty";"嗾toczerwony"
"Goryczak";"Niejadalny";11,9769446663948;"jasnobr졐owy";"嗾tooliwkowy";"嗾ty"
"Goryczak";"Niejadalny";19,6227354452505;"jasnobr졐owy";"oliwkowy";"嗾toczerwony"
"Goryczak";"Niejadalny";14,6195417079399;"br졐owy";"oliwkowy";"嗾toczerwony"
"Goryczak";"Niejadalny";8,9083284843802;"szary";"oliwkowy";"嗾toczerwony"
"Goryczak";"Niejadalny";8,56326907414019;"jasnobr졐owy";"嗾tooliwkowy";"嗾toczerwony"
"Goryczak";"Niejadalny";17,7495313521554;"szary";"嗾ty";"嗾toczerwony"
"Goryczak";"Niejadalny";16,9461186541433;"jasnobr졐owy";"oliwkowy";"嗾toczerwony"
"Goryczak";"Niejadalny";10,2359292331071;"szary";"嗾tooliwkowy";"嗾toczerwony"
"Goryczak";"Niejadalny";9,36231087185259;"szary";"嗾ty";"嗾toczerwony"
"Goryczak";"Niejadalny";4,08358293905252;"szary";"oliwkowy";"嗾toczerwony"
"Goryczak";"Niejadalny";8,16074879855172;"jasnobr졐owy";"嗾tooliwkowy";"嗾toczerwony"
"Goryczak";"Niejadalny";6,65594684302652;"jasnobr졐owy";"嗾tooliwkowy";"嗾toczerwony"
"Goryczak";"Niejadalny";16,1572791042564;"jasnobr졐owy";"嗾tooliwkowy";"嗾toczerwony"
"Goryczak";"Niejadalny";12,2225452979177;"szary";"嗾tooliwkowy";"嗾toczerwony"
"Goryczak";"Niejadalny";12,8153906742843;"szary";"嗾tooliwkowy";"嗾ty"
"Goryczak";"Niejadalny";18,7577281049396;"szary";"嗾ty";"嗾toczerwony"
"Goryczak";"Niejadalny";11,8765645007668;"szary";"嗾tooliwkowy";"嗾toczerwony"
"Goryczak";"Niejadalny";18,6209249442805;"szary";"嗾ty";"嗾toczerwony"
"Goryczak";"Niejadalny";14,4655275706753;"jasnobr졐owy";"oliwkowy";"嗾toczerwony"
"Goryczak";"Niejadalny";7,87542297853848;"jasnobr졐owy";"嗾tooliwkowy";"嗾toczerwony"
"Ponury";"Jadalny";12,4052943801643;"嗾ty";"嗾tooliwkowy";"嗾ty"
"Ponury";"Jadalny";11,9781155870006;"嗾ty";"嗾tooliwkowy";"嗾toczerwony"
"Ponury";"Jadalny";16,5279911532559;"嗾ty";"嗾tooliwkowy";"嗾ty"
"Ponury";"Jadalny";17,6361783551046;"嗾ty";"嗾tooliwkowy";"嗾toczerwony"
"Ponury";"Jadalny";13,5988667016923;"嗾ty";"oliwkowy";"嗾ty"
"Ponury";"Jadalny";17,9980324523476;"嗾ty";"oliwkowy";"嗾toczerwony"
"Ponury";"Jadalny";15,3139567117626;"jasnobr졐owy";"嗾tooliwkowy";"嗾ty"
"Ponury";"Jadalny";17,1033991449792;"jasnobr졐owy";"oliwkowy";"嗾ty"
"Ponury";"Jadalny";20,5406910481578;"jasnobr졐owy";"oliwkowy";"嗾toczerwony"
"Ponury";"Jadalny";20,9483042769316;"br졐owy";"嗾tooliwkowy";"嗾ty"
"Ponury";"Jadalny";16,6459658177844;"br졐owy";"oliwkowy";"嗾ty"
"Ponury";"Jadalny";15,023725273749;"br졐owy";"oliwkowy";"嗾toczerwony"
"Ponury";"Jadalny";22,4397154789841;"jasnobr졐owy";"oliwkowy";"嗾toczerwony"
"Ponury";"Jadalny";19,738558077546;"br졐owy";"oliwkowy";"嗾toczerwony"
"Ponury";"Jadalny";16,726183552428;"br졐owy";"嗾tooliwkowy";"嗾ty"
"Ponury";"Jadalny";20,4152374923568;"jasnobr졐owy";"oliwkowy";"嗾toczerwony"
"Ponury";"Jadalny";19,6119387999006;"嗾ty";"嗾tooliwkowy";"嗾toczerwony"
"Ponury";"Jadalny";19,7226394463217;"嗾ty";"oliwkowy";"嗾ty"
"Ponury";"Jadalny";10,7332146998073;"嗾ty";"嗾tooliwkowy";"嗾ty"
"Ponury";"Jadalny";14,5173339183141;"jasnobr졐owy";"oliwkowy";"嗾toczerwony"
"Ponury";"Jadalny";12,2930346765217;"br졐owy";"oliwkowy";"嗾ty"
"Ponury";"Jadalny";12,0032623048751;"嗾ty";"嗾tooliwkowy";"嗾ty"
"Ponury";"Jadalny";18,1675943790879;"br졐owy";"oliwkowy";"嗾toczerwony"
"Ponury";"Jadalny";14,7599325053979;"jasnobr졐owy";"oliwkowy";"嗾toczerwony"
"Ponury";"Jadalny";11,3381827531202;"嗾ty";"嗾tooliwkowy";"嗾ty"
"Ponury";"Jadalny";19,583973249682;"jasnobr졐owy";"oliwkowy";"嗾ty"
"Ponury";"Jadalny";19,7243248487316;"嗾ty";"oliwkowy";"嗾toczerwony"
"Ponury";"Jadalny";12,2784207387846;"嗾ty";"嗾tooliwkowy";"嗾toczerwony"
"Ponury";"Jadalny";17,0865944229192;"br졐owy";"oliwkowy";"嗾toczerwony"
"Ponury";"Jadalny";21,3904482791283;"br졐owy";"oliwkowy";"嗾toczerwony"
"Ponury";"Jadalny";10,9210505467227;"嗾ty";"嗾tooliwkowy";"嗾toczerwony"
"Ponury";"Jadalny";17,6467162857792;"jasnobr졐owy";"oliwkowy";"嗾ty"
"Ponury";"Jadalny";12,3657248469377;"嗾ty";"嗾tooliwkowy";"嗾ty"
"Ponury";"Jadalny";10,4082978545035;"jasnobr졐owy";"oliwkowy";"嗾toczerwony"
"Ponury";"Jadalny";19,1691591427931;"br졐owy";"oliwkowy";"嗾toczerwony"
"Ponury";"Jadalny";8,64176310031736;"嗾ty";"嗾tooliwkowy";"嗾toczerwony"
"Ponury";"Jadalny";18,9960542275696;"嗾ty";"oliwkowy";"嗾toczerwony"
"Ponury";"Jadalny";22,9513002471365;"br졐owy";"oliwkowy";"嗾toczerwony"
"Ponury";"Jadalny";20,8292824283993;"jasnobr졐owy";"嗾tooliwkowy";"嗾ty"
"Ponury";"Jadalny";19,2486347772097;"br졐owy";"oliwkowy";"嗾toczerwony"
"Ponury";"Jadalny";9,76487008685786;"嗾ty";"嗾tooliwkowy";"嗾toczerwony"
"Ponury";"Jadalny";15,5687966503349;"jasnobr졐owy";"oliwkowy";"嗾ty"
"Ponury";"Jadalny";16,1265487533609;"br졐owy";"oliwkowy";"嗾toczerwony"
"Ponury";"Jadalny";13,7631981414117;"嗾ty";"oliwkowy";"嗾ty"
"Ponury";"Jadalny";21,3744081167371;"br졐owy";"oliwkowy";"嗾toczerwony"
"Ponury";"Jadalny";18,5484376352654;"jasnobr졐owy";"oliwkowy";"嗾toczerwony"
"Ponury";"Jadalny";11,3342828183777;"br졐owy";"oliwkowy";"嗾toczerwony"
"Ponury";"Jadalny";22,8318912952239;"嗾ty";"嗾tooliwkowy";"嗾toczerwony"
"Ponury";"Jadalny";17,533760016119;"br졐owy";"oliwkowy";"嗾toczerwony"
"Ponury";"Jadalny";14,5249210608462;"嗾ty";"oliwkowy";"嗾toczerwony"
"Ponury";"Jadalny";12,8186826734916;"jasnobr졐owy";"oliwkowy";"嗾toczerwony"
"Ponury";"Jadalny";19,4541572655319;"jasnobr졐owy";"嗾tooliwkowy";"嗾ty"
"Ponury";"Jadalny";21,4177364035892;"br졐owy";"oliwkowy";"嗾toczerwony"
"Ponury";"Jadalny";21,8580185566443;"jasnobr졐owy";"oliwkowy";"嗾toczerwony"
"Ponury";"Jadalny";18,9203882082944;"jasnobr졐owy";"嗾tooliwkowy";"嗾ty"
"Ponury";"Jadalny";21,8396688929751;"jasnobr졐owy";"oliwkowy";"嗾ty"
"Ponury";"Jadalny";11,9406328624013;"嗾ty";"嗾tooliwkowy";"嗾toczerwony"
"Ponury";"Jadalny";14,8419164916825;"jasnobr졐owy";"oliwkowy";"嗾ty"
"Ponury";"Jadalny";17,2994456923266;"jasnobr졐owy";"嗾tooliwkowy";"嗾ty"
"Ponury";"Jadalny";11,7027204983746;"jasnobr졐owy";"oliwkowy";"嗾ty"
"Ponury";"Jadalny";19,7684104431076;"br졐owy";"oliwkowy";"嗾toczerwony"
"Ponury";"Jadalny";11,8817832706078;"jasnobr졐owy";"oliwkowy";"嗾toczerwony"
"Ponury";"Jadalny";16,1831319410755;"嗾ty";"嗾tooliwkowy";"嗾ty"
"Ponury";"Jadalny";16,6139475575152;"嗾ty";"嗾tooliwkowy";"嗾ty"
"Ponury";"Jadalny";15,2251264232546;"jasnobr졐owy";"oliwkowy";"嗾toczerwony"
"Ponury";"Jadalny";16,4362880855293;"jasnobr졐owy";"oliwkowy";"嗾toczerwony"
"Ponury";"Jadalny";12,1684361197002;"嗾ty";"嗾tooliwkowy";"嗾ty"
"Ponury";"Jadalny";15,4343028574312;"jasnobr졐owy";"oliwkowy";"嗾ty"
"Ponury";"Jadalny";15,3363036487187;"嗾ty";"oliwkowy";"嗾ty"
"Ponury";"Jadalny";20,0038264173981;"jasnobr졐owy";"oliwkowy";"嗾toczerwony"
"Ponury";"Jadalny";18,0063736176373;"嗾ty";"嗾tooliwkowy";"嗾toczerwony"
"Ponury";"Jadalny";12,6258561298211;"嗾ty";"嗾tooliwkowy";"嗾ty"
"Ponury";"Jadalny";14,7632960771268;"jasnobr졐owy";"oliwkowy";"嗾ty"
"Ponury";"Jadalny";9,62352310085773;"嗾ty";"嗾tooliwkowy";"嗾ty"
"Ponury";"Jadalny";19,0960467867571;"jasnobr졐owy";"oliwkowy";"嗾toczerwony"
"Ponury";"Jadalny";9,23868788265012;"jasnobr졐owy";"oliwkowy";"嗾toczerwony"
"Ponury";"Jadalny";10,5165097784642;"嗾ty";"嗾tooliwkowy";"嗾toczerwony"
"Ponury";"Jadalny";19,8357821662321;"jasnobr졐owy";"oliwkowy";"嗾toczerwony"
"Ponury";"Jadalny";20,975597133618;"嗾ty";"嗾tooliwkowy";"嗾ty"
"Ponury";"Jadalny";11,5883650959678;"嗾ty";"嗾tooliwkowy";"嗾ty"
"Ponury";"Jadalny";18,3987886195899;"jasnobr졐owy";"oliwkowy";"嗾ty"
"Ponury";"Jadalny";15,2747706021395;"jasnobr졐owy";"oliwkowy";"嗾toczerwony"
"Ponury";"Jadalny";12,9449318661222;"br졐owy";"oliwkowy";"嗾toczerwony"
"Ponury";"Jadalny";16,6750534713903;"br졐owy";"oliwkowy";"嗾toczerwony"
"Ponury";"Jadalny";13,729890698399;"jasnobr졐owy";"oliwkowy";"嗾toczerwony"
"Ponury";"Jadalny";14,7562088773135;"嗾ty";"oliwkowy";"嗾toczerwony"
"Ponury";"Jadalny";17,108323444431;"br졐owy";"oliwkowy";"嗾ty"
"Ponury";"Jadalny";9,37468762614992;"jasnobr졐owy";"oliwkowy";"嗾toczerwony"
"Ponury";"Jadalny";21,0099928784231;"jasnobr졐owy";"嗾tooliwkowy";"嗾ty"
"Ponury";"Jadalny";17,5617180527846;"jasnobr졐owy";"oliwkowy";"嗾toczerwony"
"Ponury";"Jadalny";11,4731014698687;"嗾ty";"oliwkowy";"嗾ty"
"Ponury";"Jadalny";17,6723851771663;"br졐owy";"oliwkowy";"嗾toczerwony"
"Ponury";"Jadalny";18,4550103306441;"br졐owy";"oliwkowy";"嗾toczerwony"
"Ponury";"Jadalny";11,8410118582819;"嗾ty";"嗾tooliwkowy";"嗾ty"
"Ponury";"Jadalny";11,6662719317161;"br졐owy";"oliwkowy";"嗾ty"
"Ponury";"Jadalny";15,9133050593764;"br졐owy";"oliwkowy";"嗾toczerwony"
"Ponury";"Jadalny";11,4286857804591;"嗾ty";"嗾tooliwkowy";"嗾toczerwony"
"Ponury";"Jadalny";18,0788341945476;"嗾ty";"oliwkowy";"嗾ty"
"Ponury";"Jadalny";17,2192482204516;"jasnobr졐owy";"oliwkowy";"嗾ty"
"Ponury";"Jadalny";19,0313718967513;"jasnobr졐owy";"嗾tooliwkowy";"嗾ty"
"Szata認ki";"Truj젺y";9,77401581807267;"szary";"嗾ty";"嗾ty"
"Szata認ki";"Truj젺y";6,87908436397879;"szary";"嗾ty";"嗾toczerwony"
"Szata認ki";"Truj젺y";22,0523257289929;"szary";"嗾tooliwkowy";"嗾ty"
"Szata認ki";"Truj젺y";16,9854314775992;"szary";"嗾tooliwkowy";"嗾toczerwony"
"Szata認ki";"Truj젺y";19,9004331659984;"jasnobr졐owy";"嗾tooliwkowy";"嗾ty"
"Szata認ki";"Truj젺y";24,5669600017942;"jasnobr졐owy";"嗾tooliwkowy";"嗾toczerwony"
"Szata認ki";"Truj젺y";13,994473370717;"szary";"嗾ty";"嗾toczerwony"
"Szata認ki";"Truj젺y";20,3322561777493;"jasnobr졐owy";"嗾tooliwkowy";"嗾toczerwony"
"Szata認ki";"Truj젺y";12,3499637153582;"szary";"嗾tooliwkowy";"嗾ty"
"Szata認ki";"Truj젺y";17,1349350565469;"szary";"嗾tooliwkowy";"嗾toczerwony"
"Szata認ki";"Truj젺y";20,3043527424945;"szary";"嗾tooliwkowy";"嗾toczerwony"
"Szata認ki";"Truj젺y";9,02017109630269;"szary";"嗾ty";"嗾toczerwony"
"Szata認ki";"Truj젺y";19,6825618596431;"szary";"嗾tooliwkowy";"嗾ty"
"Szata認ki";"Truj젺y";14,9433382384615;"szary";"嗾ty";"嗾ty"
"Szata認ki";"Truj젺y";22,9419717327775;"szary";"嗾tooliwkowy";"嗾toczerwony"
"Szata認ki";"Truj젺y";14,2652948832237;"szary";"嗾ty";"嗾toczerwony"
"Szata認ki";"Truj젺y";21,5565430355073;"szary";"嗾tooliwkowy";"嗾toczerwony"
"Szata認ki";"Truj젺y";12,5608964960486;"szary";"嗾ty";"嗾toczerwony"
"Szata認ki";"Truj젺y";16,5419596425592;"szary";"嗾tooliwkowy";"嗾toczerwony"
"Szata認ki";"Truj젺y";13,1925685030212;"szary";"嗾tooliwkowy";"嗾toczerwony"
"Szata認ki";"Truj젺y";14,7443607269282;"jasnobr졐owy";"嗾tooliwkowy";"嗾toczerwony"
"Szata認ki";"Truj젺y";14,8631021951389;"szary";"嗾ty";"嗾ty"
"Szata認ki";"Truj젺y";21,0610577509451;"szary";"嗾tooliwkowy";"嗾toczerwony"
"Szata認ki";"Truj젺y";20,9309992032046;"jasnobr졐owy";"嗾tooliwkowy";"嗾ty"
"Szata認ki";"Truj젺y";18,6586446689372;"szary";"嗾tooliwkowy";"嗾ty"
"Szata認ki";"Truj젺y";24,2795956956625;"szary";"嗾tooliwkowy";"嗾ty"
"Szata認ki";"Truj젺y";15,7208744208074;"jasnobr졐owy";"嗾tooliwkowy";"嗾toczerwony"
"Szata認ki";"Truj젺y";19,3935679306634;"jasnobr졐owy";"嗾tooliwkowy";"嗾toczerwony"
"Szata認ki";"Truj젺y";26,4433546478317;"jasnobr졐owy";"嗾tooliwkowy";"嗾toczerwony"
"Szata認ki";"Truj젺y";14,2043268314237;"szary";"嗾ty";"嗾toczerwony"
"Szata認ki";"Truj젺y";17,3001906188923;"jasnobr졐owy";"嗾tooliwkowy";"嗾toczerwony"
"Szata認ki";"Truj젺y";14,2258760555034;"szary";"嗾ty";"嗾ty"
"Szata認ki";"Truj젺y";16,2215869685562;"szary";"嗾tooliwkowy";"嗾toczerwony"
"Szata認ki";"Truj젺y";12,0966137283049;"szary";"嗾ty";"嗾toczerwony"
"Szata認ki";"Truj젺y";19,6966704310985;"szary";"嗾tooliwkowy";"嗾toczerwony"
"Szata認ki";"Truj젺y";13,9026002469247;"szary";"嗾ty";"嗾toczerwony"
"Szata認ki";"Truj젺y";12,6079133747614;"szary";"嗾ty";"嗾toczerwony"
"Szata認ki";"Truj젺y";13,4960098634404;"szary";"嗾tooliwkowy";"嗾toczerwony"
"Szata認ki";"Truj젺y";14,7596814012149;"szary";"嗾ty";"嗾toczerwony"
"Szata認ki";"Truj젺y";16,7748711944352;"jasnobr졐owy";"嗾tooliwkowy";"嗾ty"
"Szata認ki";"Truj젺y";9,95294763670066;"szary";"嗾tooliwkowy";"嗾toczerwony"
"Szata認ki";"Truj젺y";19,0102224105441;"szary";"嗾tooliwkowy";"嗾toczerwony"
"Szata認ki";"Truj젺y";25,9816452145727;"szary";"嗾tooliwkowy";"嗾toczerwony"
"Szata認ki";"Truj젺y";18,0864695607505;"szary";"嗾tooliwkowy";"嗾toczerwony"
"Szata認ki";"Truj젺y";8,99340515624803;"szary";"嗾tooliwkowy";"嗾ty"
"Szata認ki";"Truj젺y";12,5098857428495;"szary";"嗾ty";"嗾toczerwony"
"Szata認ki";"Truj젺y";14,8296877522789;"szary";"嗾ty";"嗾toczerwony"
"Szata認ki";"Truj젺y";16,1604796639786;"szary";"嗾tooliwkowy";"嗾ty"
"Szata認ki";"Truj젺y";21,4425253278002;"jasnobr졐owy";"嗾tooliwkowy";"嗾toczerwony"
"Szata認ki";"Truj젺y";11,797683394511;"szary";"嗾tooliwkowy";"嗾ty"
"Szata認ki";"Truj젺y";8,83269230843008;"jasnobr졐owy";"嗾tooliwkowy";"嗾toczerwony"
"Szata認ki";"Truj젺y";22,6028564014132;"szary";"嗾tooliwkowy";"嗾toczerwony"
"Szata認ki";"Truj젺y";21,6665034987623;"jasnobr졐owy";"嗾tooliwkowy";"嗾toczerwony"
"Szata認ki";"Truj젺y";18,9794637357241;"szary";"嗾tooliwkowy";"嗾toczerwony"
"Szata認ki";"Truj젺y";9,29693681309971;"szary";"嗾ty";"嗾toczerwony"
"Szata認ki";"Truj젺y";22,5834013046507;"szary";"嗾tooliwkowy";"嗾ty"
"Szata認ki";"Truj젺y";26,1468576602038;"jasnobr졐owy";"嗾tooliwkowy";"嗾toczerwony"
"Szata認ki";"Truj젺y";13,3998953028773;"szary";"嗾ty";"嗾toczerwony"
"Szata認ki";"Truj젺y";20,7166812225187;"szary";"嗾tooliwkowy";"嗾ty"
"Szata認ki";"Truj젺y";9,41974617298276;"szary";"嗾ty";"嗾toczerwony"
"Szata認ki";"Truj젺y";11,2161280657766;"szary";"嗾tooliwkowy";"嗾toczerwony"
"Szata認ki";"Truj젺y";6,50813503854871;"szary";"嗾tooliwkowy";"嗾toczerwony"
"Szata認ki";"Truj젺y";9,32974708988415;"szary";"嗾ty";"嗾toczerwony"
"Szata認ki";"Truj젺y";23,9397668294896;"jasnobr졐owy";"嗾tooliwkowy";"嗾toczerwony"
"Szata認ki";"Truj젺y";14,5043586245449;"szary";"嗾ty";"嗾ty"
"Szata認ki";"Truj젺y";13,5042163660921;"szary";"嗾ty";"嗾toczerwony"
"Szata認ki";"Truj젺y";10,6150714180349;"szary";"嗾tooliwkowy";"嗾ty"
"Szata認ki";"Truj젺y";16,6136633238218;"szary";"嗾tooliwkowy";"嗾toczerwony"
"Szata認ki";"Truj젺y";11,557860693069;"szary";"嗾ty";"嗾toczerwony"
"Szata認ki";"Truj젺y";14,9372370607025;"szary";"嗾ty";"嗾ty"
"Szata認ki";"Truj젺y";14,7790891004519;"jasnobr졐owy";"嗾tooliwkowy";"嗾toczerwony"
"Szata認ki";"Truj젺y";14,808712049954;"szary";"嗾ty";"嗾toczerwony"
"Szata認ki";"Truj젺y";10,747897170203;"szary";"嗾tooliwkowy";"嗾toczerwony"
"Szata認ki";"Truj젺y";12,5447866550492;"szary";"嗾ty";"嗾toczerwony"
"Szata認ki";"Truj젺y";14,2542385557579;"szary";"嗾ty";"嗾toczerwony"
"Szata認ki";"Truj젺y";20,0506396661624;"szary";"嗾tooliwkowy";"嗾ty"
"Szata認ki";"Truj젺y";13,5229189055898;"szary";"嗾tooliwkowy";"嗾toczerwony"
"Szata認ki";"Truj젺y";14,4621038392068;"szary";"嗾ty";"嗾ty"
"Szata認ki";"Truj젺y";10,1526945904572;"szary";"嗾ty";"嗾toczerwony"
"Szata認ki";"Truj젺y";12,0932579198105;"jasnobr졐owy";"嗾tooliwkowy";"嗾toczerwony"
"Szata認ki";"Truj젺y";10,2940122291713;"jasnobr졐owy";"嗾tooliwkowy";"嗾ty"
"Szata認ki";"Truj젺y";11,2202040840323;"szary";"嗾tooliwkowy";"嗾ty"
"Szata認ki";"Truj젺y";25,7539317536845;"jasnobr졐owy";"嗾tooliwkowy";"嗾toczerwony"
"Szata認ki";"Truj젺y";15,3920223793536;"szary";"嗾tooliwkowy";"嗾ty"
"Szata認ki";"Truj젺y";14,4294686252007;"szary";"嗾ty";"嗾ty"
"Szata認ki";"Truj젺y";13,6106844675112;"jasnobr졐owy";"嗾tooliwkowy";"嗾toczerwony"
"Szata認ki";"Truj젺y";6,07333466152933;"jasnobr졐owy";"嗾tooliwkowy";"嗾ty"
"Szata認ki";"Truj젺y";19,7571504338716;"szary";"嗾tooliwkowy";"嗾ty"
"Szata認ki";"Truj젺y";10,8720007143542;"szary";"嗾ty";"嗾toczerwony"
"Szata認ki";"Truj젺y";21,207847259754;"szary";"嗾tooliwkowy";"嗾ty"
"Szata認ki";"Truj젺y";25,2742245709387;"szary";"嗾tooliwkowy";"嗾toczerwony"
"Szata認ki";"Truj젺y";25,0180401087338;"jasnobr졐owy";"嗾tooliwkowy";"嗾toczerwony"
"Szata認ki";"Truj젺y";8,23128919059643;"jasnobr졐owy";"嗾tooliwkowy";"嗾toczerwony"
"Szata認ki";"Truj젺y";9,37844039002225;"szary";"嗾ty";"嗾toczerwony"
"Szata認ki";"Truj젺y";23,0193168132404;"szary";"嗾tooliwkowy";"嗾toczerwony"
"Szata認ki";"Truj젺y";16,0936586960138;"szary";"嗾tooliwkowy";"嗾toczerwony"
"Szata認ki";"Truj젺y";16,0554519154788;"szary";"嗾tooliwkowy";"嗾ty"
"Szata認ki";"Truj젺y";14,9276611642794;"szary";"嗾ty";"嗾toczerwony"
"Szata認ki";"Truj젺y";9,08722504962657;"szary";"嗾ty";"嗾ty"
"Szata認ki";"Truj젺y";12,3090509490306;"szary";"嗾ty";"嗾ty"
"Szlachetny";"Wyborny";9,69277188396156;"szary";"bia쓰wy";"bia쓰wy"
"Szlachetny";"Wyborny";11,480647522044;"szary";"嗾tooliwkowy";"bia쓰wy"
"Szlachetny";"Wyborny";9,92316585646119;"szary";"嗾tooliwkowy";"jasnobr졐owy"
"Szlachetny";"Wyborny";7,002605058307;"szary";"bia쓰wy";"jasnobr졐owy"
"Szlachetny";"Wyborny";15,5768481798132;"jasnobr졐owy";"bia쓰wy";"bia쓰wy"
"Szlachetny";"Wyborny";20,5682321417875;"jasnobr졐owy";"嗾tooliwkowy";"bia쓰wy"
"Szlachetny";"Wyborny";21,6648181310898;"jasnobr졐owy";"嗾tooliwkowy";"jasnobr졐owy"
"Szlachetny";"Wyborny";14,511861769475;"jasnobr졐owy";"bia쓰wy";"jasnobr졐owy"
"Szlachetny";"Wyborny";11,9074431523661;"br졐owy";"bia쓰wy";"bia쓰wy"
"Szlachetny";"Wyborny";25,3873700952738;"br졐owy";"嗾tooliwkowy";"bia쓰wy"
"Szlachetny";"Jadalny";24,0121152334309;"br졐owy";"嗾tooliwkowy";"jasnobr졐owy"
"Szlachetny";"Wyborny";20,5161270606882;"br졐owy";"bia쓰wy";"jasnobr졐owy"
"Szlachetny";"Wyborny";16,4856063024438;"czerwony";"bia쓰wy";"bia쓰wy"
"Szlachetny";"Wyborny";24,3933665999934;"czerwony";"嗾tooliwkowy";"bia쓰wy"
"Szlachetny";"Jadalny";24,0864227793352;"czerwony";"嗾tooliwkowy";"jasnobr졐owy"
"Szlachetny";"Wyborny";22,1252944840344;"czerwony";"bia쓰wy";"jasnobr졐owy"
"Szlachetny";"Wyborny";10,2548418630678;"szary";"bia쓰wy";"bia쓰wy"
"Szlachetny";"Wyborny";20,0144977019277;"jasnobr졐owy";"bia쓰wy";"bia쓰wy"
"Szlachetny";"Wyborny";18,5182398530334;"br졐owy";"bia쓰wy";"bia쓰wy"
"Szlachetny";"Wyborny";10,7255400008831;"szary";"bia쓰wy";"bia쓰wy"
"Szlachetny";"Wyborny";24,1221650913305;"jasnobr졐owy";"bia쓰wy";"jasnobr졐owy"
"Szlachetny";"Wyborny";16,3368283207029;"jasnobr졐owy";"bia쓰wy";"bia쓰wy"
"Szlachetny";"Wyborny";20,4469784822492;"br졐owy";"嗾tooliwkowy";"bia쓰wy"
"Szlachetny";"Jadalny";25,5002094196649;"br졐owy";"嗾tooliwkowy";"jasnobr졐owy"
"Szlachetny";"Wyborny";19,4124448919104;"br졐owy";"嗾tooliwkowy";"bia쓰wy"
"Szlachetny";"Wyborny";17,5090091267743;"jasnobr졐owy";"嗾tooliwkowy";"jasnobr졐owy"
"Szlachetny";"Wyborny";21,9692663597088;"br졐owy";"bia쓰wy";"bia쓰wy"
"Szlachetny";"Wyborny";8,44660308267837;"jasnobr졐owy";"嗾tooliwkowy";"bia쓰wy"
"Szlachetny";"Wyborny";15,6743618342466;"jasnobr졐owy";"嗾tooliwkowy";"jasnobr졐owy"
"Szlachetny";"Wyborny";16,9581404100246;"jasnobr졐owy";"bia쓰wy";"jasnobr졐owy"
"Szlachetny";"Wyborny";16,6582568169898;"jasnobr졐owy";"bia쓰wy";"jasnobr졐owy"
"Szlachetny";"Wyborny";18,9333140862528;"br졐owy";"bia쓰wy";"bia쓰wy"
"Szlachetny";"Wyborny";10,2031278590083;"szary";"bia쓰wy";"bia쓰wy"
"Szlachetny";"Wyborny";23,665245165566;"czerwony";"bia쓰wy";"bia쓰wy"
"Szlachetny";"Wyborny";22,2700350811461;"br졐owy";"bia쓰wy";"bia쓰wy"
"Szlachetny";"Wyborny";15,0413710517915;"jasnobr졐owy";"嗾tooliwkowy";"bia쓰wy"
"Szlachetny";"Wyborny";20,4914923440813;"jasnobr졐owy";"bia쓰wy";"jasnobr졐owy"
"Szlachetny";"Wyborny";15,4774408495213;"jasnobr졐owy";"bia쓰wy";"jasnobr졐owy"
"Szlachetny";"Wyborny";9,17754156791668;"jasnobr졐owy";"bia쓰wy";"bia쓰wy"
"Szlachetny";"Wyborny";18,9708152529533;"jasnobr졐owy";"bia쓰wy";"jasnobr졐owy"
"Szlachetny";"Jadalny";16,6451253119266;"br졐owy";"嗾tooliwkowy";"jasnobr졐owy"
"Szlachetny";"Wyborny";22,4446927261985;"jasnobr졐owy";"bia쓰wy";"bia쓰wy"
"Szlachetny";"Jadalny";17,5495302245924;"br졐owy";"嗾tooliwkowy";"jasnobr졐owy"
"Szlachetny";"Wyborny";5,00300768567539;"jasnobr졐owy";"bia쓰wy";"jasnobr졐owy"
"Szlachetny";"Wyborny";14,8360539867424;"jasnobr졐owy";"嗾tooliwkowy";"jasnobr졐owy"
"Szlachetny";"Wyborny";20,6706085919104;"jasnobr졐owy";"bia쓰wy";"bia쓰wy"
"Szlachetny";"Wyborny";22,7924048600947;"br졐owy";"bia쓰wy";"bia쓰wy"
"Szlachetny";"Wyborny";24,8604975859877;"jasnobr졐owy";"bia쓰wy";"bia쓰wy"
"Szlachetny";"Wyborny";15,5964700730854;"jasnobr졐owy";"bia쓰wy";"bia쓰wy"
"Szlachetny";"Wyborny";10,0721644690438;"br졐owy";"bia쓰wy";"bia쓰wy"
"Szlachetny";"Wyborny";19,6491521529576;"czerwony";"bia쓰wy";"bia쓰wy"
"Szlachetny";"Wyborny";19,4774304317547;"jasnobr졐owy";"bia쓰wy";"bia쓰wy"
"Szlachetny";"Wyborny";18,6054460973659;"jasnobr졐owy";"嗾tooliwkowy";"jasnobr졐owy"
"Szlachetny";"Wyborny";22,5203334416759;"br졐owy";"bia쓰wy";"jasnobr졐owy"
"Szlachetny";"Wyborny";17,002156081472;"br졐owy";"bia쓰wy";"bia쓰wy"
"Szlachetny";"Wyborny";19,6873528194166;"czerwony";"bia쓰wy";"bia쓰wy"
"Szlachetny";"Jadalny";17,7657423841579;"br졐owy";"嗾tooliwkowy";"jasnobr졐owy"
"Szlachetny";"Wyborny";19,8699741264036;"br졐owy";"bia쓰wy";"bia쓰wy"
"Szlachetny";"Wyborny";20,0508743351168;"jasnobr졐owy";"bia쓰wy";"jasnobr졐owy"
"Szlachetny";"Wyborny";10,1706031977726;"szary";"bia쓰wy";"bia쓰wy"
"Szlachetny";"Wyborny";7,33933331827749;"jasnobr졐owy";"bia쓰wy";"bia쓰wy"
"Szlachetny";"Wyborny";22,5984931568059;"jasnobr졐owy";"bia쓰wy";"bia쓰wy"
"Szlachetny";"Wyborny";12,7771594448521;"jasnobr졐owy";"bia쓰wy";"jasnobr졐owy"
"Szlachetny";"Wyborny";20,4774021888923;"br졐owy";"bia쓰wy";"bia쓰wy"
"Szlachetny";"Jadalny";10,4282400037915;"br졐owy";"嗾tooliwkowy";"jasnobr졐owy"
"Szlachetny";"Wyborny";20,9929165916338;"czerwony";"bia쓰wy";"bia쓰wy"
"Szlachetny";"Wyborny";23,4266594586986;"jasnobr졐owy";"bia쓰wy";"bia쓰wy"
"Szlachetny";"Wyborny";8,66456122513376;"jasnobr졐owy";"嗾tooliwkowy";"jasnobr졐owy"
"Szlachetny";"Jadalny";25,6950453958859;"br졐owy";"嗾tooliwkowy";"jasnobr졐owy"
"Szlachetny";"Wyborny";22,3083454638185;"jasnobr졐owy";"bia쓰wy";"jasnobr졐owy"
"Szlachetny";"Wyborny";19,7722952525858;"jasnobr졐owy";"bia쓰wy";"jasnobr졐owy"
"Szlachetny";"Wyborny";11,3177394787622;"szary";"bia쓰wy";"bia쓰wy"
"Szlachetny";"Wyborny";18,6589618035259;"czerwony";"嗾tooliwkowy";"bia쓰wy"
"Szlachetny";"Wyborny";15,1438753876801;"jasnobr졐owy";"嗾tooliwkowy";"jasnobr졐owy"
"Szlachetny";"Wyborny";23,3282591985368;"jasnobr졐owy";"bia쓰wy";"bia쓰wy"
"Szlachetny";"Wyborny";9,94954410746277;"jasnobr졐owy";"bia쓰wy";"bia쓰wy"
"Szlachetny";"Wyborny";14,288263281651;"br졐owy";"bia쓰wy";"jasnobr졐owy"
"Szlachetny";"Wyborny";20,9575958352506;"jasnobr졐owy";"bia쓰wy";"jasnobr졐owy"
"Szlachetny";"Wyborny";18,5638804155475;"jasnobr졐owy";"嗾tooliwkowy";"jasnobr졐owy"
"Szlachetny";"Wyborny";19,829004199653;"czerwony";"嗾tooliwkowy";"bia쓰wy"
"Szlachetny";"Wyborny";23,0335563717435;"jasnobr졐owy";"嗾tooliwkowy";"jasnobr졐owy"
"Szlachetny";"Wyborny";19,7078496766124;"jasnobr졐owy";"bia쓰wy";"bia쓰wy"
"Szlachetny";"Wyborny";7,05133381056742;"jasnobr졐owy";"嗾tooliwkowy";"jasnobr졐owy"
"Szlachetny";"Wyborny";19,9014155353629;"jasnobr졐owy";"嗾tooliwkowy";"jasnobr졐owy"
"Szlachetny";"Wyborny";20,7815013971301;"jasnobr졐owy";"bia쓰wy";"bia쓰wy"
"Szlachetny";"Wyborny";23,7450579302482;"jasnobr졐owy";"嗾tooliwkowy";"jasnobr졐owy"
"Szlachetny";"Wyborny";7,14679829067309;"jasnobr졐owy";"bia쓰wy";"bia쓰wy"
"Szlachetny";"Wyborny";22,7536907297012;"jasnobr졐owy";"嗾tooliwkowy";"bia쓰wy"
"Szlachetny";"Wyborny";12,2145335220981;"jasnobr졐owy";"嗾tooliwkowy";"bia쓰wy"
"Szlachetny";"Wyborny";12,997334913195;"jasnobr졐owy";"bia쓰wy";"jasnobr졐owy"
"Szlachetny";"Wyborny";14,9519583405308;"jasnobr졐owy";"bia쓰wy";"bia쓰wy"
"Szlachetny";"Wyborny";7,55507081550566;"szary";"bia쓰wy";"bia쓰wy"
"Szlachetny";"Wyborny";19,2438213989784;"czerwony";"bia쓰wy";"bia쓰wy"
"Szlachetny";"Wyborny";12,9547349605112;"jasnobr졐owy";"bia쓰wy";"bia쓰wy"
"Szlachetny";"Wyborny";21,1950433619762;"jasnobr졐owy";"bia쓰wy";"jasnobr졐owy"
"Szlachetny";"Wyborny";23,7586218617015;"br졐owy";"bia쓰wy";"bia쓰wy"
"Szlachetny";"Wyborny";21,7354423763234;"jasnobr졐owy";"bia쓰wy";"bia쓰wy"
"Szlachetny";"Wyborny";19,2018395767599;"jasnobr졐owy";"嗾tooliwkowy";"jasnobr졐owy"
"Szlachetny";"Wyborny";23,0115479380761;"br졐owy";"嗾tooliwkowy";"bia쓰wy"
"Szlachetny";"Wyborny";23,1331669387661;"jasnobr졐owy";"bia쓰wy";"bia쓰wy"
